l	alpha	x0	n
1.0	1000.0	-1.9992700941407868	2.0
3.0	117.956674800642	-1.9846626890548784	2.0
67.0	22.91613447607001	-0.5099111846413378	2.0
