l	alpha	x0	n
1.0	1000.0	-1.9994180992784538	2.0
11.0	13.231829116569628	-1.652994250040369	2.0
19.0	11.225836249080361	-1.2397134995331534	2.0
