l	alpha	x0	n
7.0	12.421028749519198	-1.6223310588089779	1.0
11.0	8.672246135500643	-1.2990390579370794	1.0
