l	alpha	x0	n
7.0	7.561007655496408	-1.403111562782826	1.0
