l	alpha	x0	n
3.0	12.28160120856665	-1.8195135876911643	1.0
13.0	7.773258559047754	-0.7969732620794753	1.0
