l	alpha	x0	n
3.0	11.218755740616944	-1.805176461165262	1.0
13.0	8.077761664514435	-0.7596488256263088	1.0
