l	alpha	x0	n
3.0	34.23856912099325	-1.9470775127061053	1.0
29.0	12.937102696717272	-0.6681912802415834	1.0
