l	alpha	x0	n
5.0	20.14822312619587	-1.830508325880657	1.0
19.0	11.053419119823621	-0.9613964236569873	1.0
