l	alpha	x0	n
7.0	14.157473086939705	-1.667807306163367	1.0
13.0	8.653818709685387	-1.2286525349696131	1.0
