l	alpha	x0	n
3.0	25.12977329904016	-1.9230928516217967	1.0
23.0	11.546630673322888	-0.696846226187645	1.0
