l	alpha	x0	n
5.0	7.247815945907889	-1.4973499019866203	1.0
7.0	6.402941523688414	-1.2101096215301603	1.0
