l	alpha	x0	n
3.0	30.93114067717065	-1.9405056877014875	1.0
9.0	9.185732835907253	-1.472312456495885	1.0
27.0	12.70816281278351	-0.6722651205200425	1.0
