l	alpha	x0	n
3.0	15.474594723899521	-1.8728279374359424	1.0
7.0	7.916063682497504	-1.4336191986433	1.0
17.0	9.287549647146943	-0.7391790445356067	1.0
