l	alpha	x0	n
3.0	4.600822517900267	-1.439096616938167	1.0
7.0	5.907980659183566	-0.7191739902501867	1.0
