l	alpha	x0	n
3.0	32.78635996787813	-1.9424571529967283	1.0
9.0	9.846300793221841	-1.4796195009158928	1.0
27.0	12.346514070565556	-0.684994105070278	1.0
