l	alpha	x0	n
3.0	6.515410466372788	-1.639021385186142	1.0
5.0	5.421666627531593	-1.2454067058691118	1.0
9.0	6.609773988921007	-0.7521120875229185	1.0
