l	alpha	x0	n
3.0	25.850043264073037	-1.9250891832491135	1.0
23.0	11.454752757479199	-0.7125449588674175	1.0
