l	alpha	x0	n
3.0	7.322886373823185	-1.6826700978157214	1.0
9.0	6.79955074154715	-0.8102140628876237	1.0
