l	alpha	x0	n
3.0	8.486400888606688	-1.7429724726556708	1.0
11.0	7.262801317543629	-0.7637971279145204	1.0
