l	alpha	x0	n
3.0	100.0	-1.984804972033159	2.0
67.0	22.91613447607001	-0.5099111846413378	2.0
