l	alpha	x0	n
3.0	16.947728205142415	-1.884560399039703	1.0
17.0	9.393468801019464	-0.7635303936009439	1.0
