l	alpha	x0	n
3.0	19.565371164095694	-1.9031224991510183	1.0
19.0	9.755703170185255	-0.7467534035038441	1.0
