l	alpha	x0	n
3.0	5.165044869945313	-1.5248024261472728	1.0
7.0	5.884610617114632	-0.8064727798215691	1.0
