l	alpha	x0	n
5.0	11.147016834320223	-1.6795724970579322	1.0
11.0	7.639558297122988	-1.105036926069057	1.0
