l	alpha	x0	n
5.0	17.24960907712139	-1.8018931378526135	1.0
17.0	10.039441724833333	-0.9859298846994308	1.0
