l	alpha	x0	n
5.0	5.315836774259414	-1.1724275196925562	1.0
