l	alpha	x0	n
5.0	13.69932794107894	-1.7468918695191002	1.0
13.0	8.02403480644922	-1.0828510308385768	1.0
